day,obs_rain,wrf_rain
01-06-10,0.0,0.0
02-06-10,0.0,0.01
03-06-10,0.0,0.0
04-06-10,0.0,0.0
05-06-10,,0.0
06-06-10,0.0,0.0
07-06-10,0.0,0.0
08-06-10,0.0,0.06
09-06-10,0.0,0.08
10-06-10,1.0,0.03
11-06-10,,0.0
12-06-10,0.0,0.0
13-06-10,0.0,0.0
14-06-10,0.0,0.0
15-06-10,0.0,0.0
16-06-10,0.0,0.0
17-06-10,0.0,0.0
18-06-10,0.0,0.07
19-06-10,0.0,0.06
20-06-10,0.0,0.0
21-06-10,0.0,0.0
22-06-10,0.0,0.0
23-06-10,0.0,0.14
24-06-10,,0.0
25-06-10,0.0,0.0
26-06-10,0.0,0.0
27-06-10,0.0,0.0
28-06-10,0.0,0.0
29-06-10,,0.01
30-06-10,0.0,0.11
01-07-10,0.0,0.05
02-07-10,0.0,0.0
03-07-10,0.0,0.0
04-07-10,0.0,0.0
05-07-10,0.0,0.0
06-07-10,0.0,0.0
07-07-10,,0.0
08-07-10,,0.0
09-07-10,,0.0
10-07-10,,0.0
11-07-10,,0.0
12-07-10,,0.01
13-07-10,,0.0
14-07-10,,0.0
15-07-10,,0.0
16-07-10,,0.1
17-07-10,0.0,0.96
18-07-10,0.0,0.59
19-07-10,,0.0
20-07-10,0.0,0.0
21-07-10,0.0,0.0
22-07-10,0.0,0.0
23-07-10,0.0,0.0
24-07-10,0.0,0.0
25-07-10,0.0,0.0
26-07-10,0.0,0.0
27-07-10,0.0,0.0
28-07-10,0.0,0.0
29-07-10,0.0,0.0
30-07-10,,0.03
31-07-10,0.0,0.0
01-08-10,0.0,0.0
02-08-10,0.0,0.0
03-08-10,,0.1
04-08-10,,0.07
05-08-10,,0.0
06-08-10,,0.02
07-08-10,,0.0
08-08-10,,0.0
09-08-10,,0.04
10-08-10,,0.0
11-08-10,,0.0
12-08-10,,0.01
13-08-10,,0.0
14-08-10,,0.0
15-08-10,,0.0
16-08-10,,0.0
17-08-10,,0.0
18-08-10,,0.0
19-08-10,,0.0
20-08-10,,0.0
21-08-10,,0.0
22-08-10,0.0,0.0
23-08-10,0.0,0.0
24-08-10,0.0,0.0
25-08-10,0.0,0.0
26-08-10,0.0,0.0
27-08-10,0.0,0.04
28-08-10,0.0,0.0
29-08-10,0.0,0.0
30-08-10,0.0,0.0
31-08-10,0.0,0.0
01-09-10,0.0,0.0
02-09-10,0.0,0.07
03-09-10,,0.08
04-09-10,1.0,0.0
05-09-10,0.0,0.0
06-09-10,0.0,0.0
07-09-10,0.0,0.0
08-09-10,0.0,0.0
09-09-10,0.0,0.0
10-09-10,0.0,0.0
11-09-10,,0.0
12-09-10,,0.0
13-09-10,0.0,0.0
14-09-10,,0.43
15-09-10,0.0,0.0
16-09-10,,0.0
17-09-10,0.0,0.13
18-09-10,3.0,0.0
19-09-10,0.0,0.02
20-09-10,0.0,0.0
21-09-10,0.0,0.0
22-09-10,0.0,0.0
23-09-10,,0.1
24-09-10,0.0,0.0
25-09-10,0.0,0.1
26-09-10,0.0,0.01
27-09-10,0.0,0.0
28-09-10,0.0,0.0
29-09-10,0.0,0.0
30-09-10,0.0,0.02
01-10-10,,0.0
02-10-10,0.0,0.0
03-10-10,,0.0
04-10-10,0.6,0.0
05-10-10,0.0,0.0
06-10-10,0.0,0.0
07-10-10,0.0,0.0
08-10-10,,0.0
09-10-10,,0.0
10-10-10,,0.0
11-10-10,,0.0
12-10-10,,0.0
13-10-10,,0.0
14-10-10,,0.0
15-10-10,,0.0
16-10-10,0.0,0.0
17-10-10,0.0,0.0
18-10-10,0.0,0.0
19-10-10,0.0,0.0
20-10-10,0.0,0.0
21-10-10,,0.0
22-10-10,0.0,0.0
23-10-10,0.0,0.0
24-10-10,0.0,0.0
25-10-10,,0.0
26-10-10,,0.0
27-10-10,,0.0
28-10-10,,0.0
29-10-10,0.8,0.0
30-10-10,0.0,0.0
31-10-10,,0.0
01-11-10,0.0,2.24
02-11-10,,2.29
03-11-10,,1.81
04-11-10,23.0,0.12
05-11-10,2.0,0.16
06-11-10,8.0,0.0
07-11-10,,0.0
08-11-10,,0.0
09-11-10,0.0,0.01
10-11-10,0.0,0.0
11-11-10,0.7,0.09
12-11-10,0.5,0.01
13-11-10,2.0,1.51
14-11-10,,2.78
15-11-10,0.5,0.57
16-11-10,,1.85
17-11-10,20.0,0.0
18-11-10,12.0,0.0
19-11-10,4.0,0.0
20-11-10,,0.0
21-11-10,0.3,0.0
22-11-10,,0.0
23-11-10,,0.0
24-11-10,0.0,0.0
25-11-10,,0.0
26-11-10,0.0,0.0
27-11-10,21.0,0.0
28-11-10,0.0,0.0
29-11-10,1.0,0.0
30-11-10,2.0,0.0
01-12-10,0.0,14.44
01-12-10,,14.44
02-12-10,0.8,0.45
03-12-10,19.0,0.02
04-12-10,,0.0
05-12-10,2.0,0.02
06-12-10,2.0,3.15
07-12-10,5.0,12.97
08-12-10,0.8,12.79
09-12-10,0.7,1.82
10-12-10,23.0,2.82
11-12-10,0.0,0.33
12-12-10,0.0,0.02
13-12-10,0.0,0.01
14-12-10,,0.02
15-12-10,0.0,0.0
16-12-10,0.0,0.0
17-12-10,4.0,0.02
18-12-10,0.0,0.01
19-12-10,0.0,0.0
20-12-10,,0.05
21-12-10,0.0,3.13
22-12-10,0.0,0.75
23-12-10,0.3,0.7
24-12-10,14.0,0.77
25-12-10,0.6,0.2
26-12-10,,0.33
27-12-10,68.0,0.22
28-12-10,39.0,0.76
29-12-10,0.0,0.17
30-12-10,0.0,6.88
01-01-11,,6.86
02-01-11,0.0,2.11
03-01-11,0.0,0.0
04-01-11,0.0,0.0
05-01-11,0.0,0.0
06-01-11,0.0,0.0
07-01-11,0.0,0.0
08-01-11,0.0,0.01
09-01-11,0.0,0.0
10-01-11,0.0,0.0
11-01-11,0.0,3.71
12-01-11,,0.07
13-01-11,0.0,0.0
14-01-11,0.2,0.0
15-01-11,,0.0
16-01-11,0.0,0.0
17-01-11,0.0,0.0
18-01-11,0.0,0.0
19-01-11,0.0,0.0
20-01-11,0.0,0.0
21-01-11,0.0,0.0
22-01-11,,0.0
23-01-11,,12.24
24-01-11,1.0,5.26
25-01-11,,0.33
26-01-11,0.0,0.0
27-01-11,,0.0
28-01-11,0.0,0.11
29-01-11,0.0,0.0
30-01-11,0.0,0.0
31-01-11,0.5,0.0
01-02-11,0.5,0.24
02-02-11,0.0,0.0
03-02-11,0.0,0.0
04-02-11,0.0,0.0
05-02-11,0.0,0.0
06-02-11,0.0,0.0
07-02-11,0.0,0.0
08-02-11,0.0,0.0
09-02-11,0.0,0.0
10-02-11,,0.0
11-02-11,0.0,0.0
12-02-11,0.0,0.0
13-02-11,,3.9
14-02-11,1.0,6.07
15-02-11,,6.48
16-02-11,32.0,3.74
17-02-11,,1.08
18-02-11,4.0,0.0
19-02-11,0.0,0.0
20-02-11,0.8,0.0
21-02-11,0.0,0.0
22-02-11,0.0,0.01
23-02-11,0.0,0.42
24-02-11,0.0,0.0
25-02-11,0.0,0.0
26-02-11,0.0,0.0
27-02-11,0.0,0.0
28-02-11,0.0,0.0
01-03-11,0.0,0.0
02-03-11,0.0,0.0
03-03-11,0.0,0.0
04-03-11,0.0,0.0
05-03-11,0.0,0.0
06-03-11,0.0,0.0
07-03-11,0.0,0.0
08-03-11,0.0,0.0
09-03-11,0.0,0.0
10-03-11,0.0,0.0
11-03-11,,0.0
12-03-11,0.0,0.0
13-03-11,0.0,0.0
14-03-11,3.0,0.0
15-03-11,0.0,0.0
16-03-11,0.0,0.0
17-03-11,0.0,0.0
18-03-11,0.0,3.58
19-03-11,,6.15
20-03-11,0.6,6.6
21-03-11,0.0,4.22
22-03-11,0.0,3.89
23-03-11,0.0,3.59
24-03-11,,5.46
25-03-11,74.0,2.58
26-03-11,,0.0
27-03-11,0.0,0.0
28-03-11,0.0,0.0
29-03-11,,0.1
30-03-11,,0.0
31-03-11,0.5,0.78
01-04-11,,14.64
02-04-11,3.0,1.45
03-04-11,,0.0
04-04-11,0.0,0.85
05-04-11,17.0,0.44
06-04-11,4.0,0.0
07-04-11,2.0,0.0
08-04-11,,5.19
09-04-11,,0.01
10-04-11,0.4,0.02
11-04-11,0.0,0.0
12-04-11,0.0,0.0
13-04-11,0.0,0.0
14-04-11,0.0,0.0
15-04-11,0.0,0.0
16-04-11,5.0,0.0
17-04-11,3.0,0.02
18-04-11,0.0,0.0
19-04-11,,0.0
20-04-11,0.0,2.18
21-04-11,0.0,0.19
22-04-11,0.0,0.38
23-04-11,0.0,1.88
24-04-11,,0.17
25-04-11,,0.05
26-04-11,0.0,0.0
27-04-11,0.0,0.1
28-04-11,0.0,0.02
29-04-11,0.0,0.0
30-04-11,0.0,0.0
01-05-11,,0.01
02-05-11,,0.05
03-05-11,,0.0
04-05-11,,0.0
05-05-11,0.0,0.0
06-05-11,,0.0
07-05-11,0.0,0.11
08-05-11,0.0,0.88
09-05-11,0.6,0.04
10-05-11,2.0,0.0
11-05-11,34.0,0.0
12-05-11,0.6,0.0
13-05-11,0.0,0.01
14-05-11,0.0,0.0
15-05-11,0.0,0.09
16-05-11,,0.23
17-05-11,7.0,0.14
18-05-11,6.0,0.16
19-05-11,1.0,0.02
20-05-11,0.0,0.0
21-05-11,1.0,0.0
22-05-11,,0.0
23-05-11,,0.24
24-05-11,,0.14
25-05-11,0.8,0.35
26-05-11,,0.0
27-05-11,0.0,0.01
28-05-11,0.0,0.21
29-05-11,0.0,0.06
30-05-11,0.0,0.0
31-05-11,0.0,0.52
01-06-11,0.0,0.0
02-06-11,0.0,0.0
03-06-11,0.0,0.0
04-06-11,0.0,0.26
05-06-11,0.0,0.01
06-06-11,0.0,0.0
07-06-11,,0.0
08-06-11,0.0,0.0
09-06-11,0.0,0.0
10-06-11,,0.0
11-06-11,0.0,0.0
12-06-11,0.0,0.0
13-06-11,0.0,0.0
14-06-11,0.0,0.0
15-06-11,0.0,0.0
16-06-11,0.0,0.0
17-06-11,0.0,0.03
18-06-11,0.0,0.0
19-06-11,0.0,0.0
20-06-11,0.0,0.0
21-06-11,0.0,0.0
22-06-11,,0.05
23-06-11,0.0,0.09
24-06-11,0.0,0.0
25-06-11,0.0,0.07
26-06-11,0.0,0.0
27-06-11,0.0,0.0
28-06-11,0.0,0.0
29-06-11,0.0,0.0
30-06-11,0.0,0.0
01-07-11,0.0,0.0
02-07-11,0.0,0.0
03-07-11,0.0,0.0
04-07-11,0.0,0.0
05-07-11,0.0,0.0
06-07-11,0.0,0.0
07-07-11,0.0,0.0
08-07-11,0.0,0.0
09-07-11,0.0,0.0
10-07-11,0.0,0.0
11-07-11,,0.0
12-07-11,0.0,0.0
13-07-11,0.0,0.0
14-07-11,0.0,0.0
15-07-11,0.0,0.12
16-07-11,0.0,0.0
17-07-11,0.0,0.0
18-07-11,0.0,0.0
19-07-11,0.0,0.0
20-07-11,0.0,0.0
21-07-11,0.0,0.0
22-07-11,0.0,0.0
23-07-11,0.0,0.0
24-07-11,0.0,0.0
25-07-11,0.0,0.0
26-07-11,,0.04
27-07-11,,0.0
28-07-11,,0.04
29-07-11,,0.0
30-07-11,0.0,0.0
31-07-11,,0.0
01-08-11,0.0,0.0
02-08-11,0.0,0.0
03-08-11,0.0,0.0
04-08-11,0.0,0.2
05-08-11,,0.0
06-08-11,0.0,0.0
07-08-11,0.0,0.0
08-08-11,0.0,0.0
09-08-11,,0.0
10-08-11,0.0,0.07
11-08-11,0.0,0.0
12-08-11,0.0,0.0
13-08-11,0.0,0.0
14-08-11,0.0,0.0
15-08-11,0.0,0.0
16-08-11,0.0,0.0
17-08-11,0.0,0.0
18-08-11,,0.0
19-08-11,0.0,0.0
20-08-11,,0.0
21-08-11,0.0,0.0
22-08-11,0.0,0.0
23-08-11,,0.0
24-08-11,0.0,0.0
25-08-11,,0.0
26-08-11,0.0,0.0
27-08-11,0.0,0.0
28-08-11,0.0,0.0
29-08-11,0.0,0.0
30-08-11,0.0,0.0
31-08-11,0.0,0.76
01-09-11,0.0,0.0
02-09-11,0.0,0.0
03-09-11,,0.0
04-09-11,,0.0
05-09-11,0.0,0.0
06-09-11,0.0,0.0
07-09-11,0.0,0.0
08-09-11,0.0,0.0
09-09-11,0.0,0.01
10-09-11,0.4,0.03
11-09-11,2.0,0.2
12-09-11,0.5,0.35
13-09-11,,0.0
14-09-11,3.0,0.2
15-09-11,,0.1
16-09-11,,0.0
17-09-11,0.0,0.0
18-09-11,0.0,0.0
19-09-11,0.0,0.0
20-09-11,0.0,0.0
21-09-11,0.0,0.0
22-09-11,0.0,0.0
23-09-11,15.0,0.43
24-09-11,0.4,0.0
25-09-11,0.0,0.13
26-09-11,0.0,0.02
27-09-11,,0.0
28-09-11,,0.0
29-09-11,0.0,0.01
30-09-11,0.0,0.02
01-10-11,0.0,3.06
02-10-11,,0.0
03-10-11,,0.03
04-10-11,0.0,0.0
05-10-11,0.0,0.0
06-10-11,0.0,0.0
07-10-11,0.0,0.04
08-10-11,,0.0
09-10-11,,3.09
10-10-11,3.0,0.43
11-10-11,,1.18
12-10-11,7.0,1.23
13-10-11,,0.67
14-10-11,1.0,3.56
15-10-11,0.6,0.07
16-10-11,,0.88
17-10-11,11.0,0.4
18-10-11,0.0,0.08
19-10-11,,0.08
20-10-11,0.0,0.0
21-10-11,0.0,0.0
22-10-11,0.0,0.0
23-10-11,0.0,0.0
24-10-11,0.0,0.0
25-10-11,0.0,0.0
26-10-11,0.0,6.54
27-10-11,,7.98
28-10-11,,4.8
29-10-11,51.0,0.0
30-10-11,0.0,0.0
31-10-11,,0.01
31-10-11,,0.01
01-11-11,0.0,0.0
01-11-11,0.0,0.0
02-11-11,0.0,0.0
03-11-11,0.0,0.03
04-11-11,0.0,0.0
05-11-11,0.0,0.0
06-11-11,0.0,0.0
07-11-11,0.0,0.05
08-11-11,73.0,1.53
09-11-11,,0.0
10-11-11,0.0,1.27
11-11-11,0.0,0.35
12-11-11,0.0,0.05
13-11-11,0.0,0.44
14-11-11,64.0,0.0
15-11-11,1.0,1.58
16-11-11,,0.73
17-11-11,0.0,2.93
18-11-11,,1.04
19-11-11,0.0,2.62
20-11-11,5.0,9.29
21-11-11,6.0,4.54
22-11-11,27.0,0.41
23-11-11,7.0,0.16
24-11-11,48.0,0.05
25-11-11,1.0,3.45
26-11-11,70.0,4.61
27-11-11,0.0,1.6
28-11-11,0.0,0.03
29-11-11,,0.0
30-11-11,0.0,0.0
01-12-11,4.0,10.74
01-12-11,0.0,10.74
02-12-11,2.0,10.13
03-12-11,0.0,5.26
04-12-11,0.0,0.0
05-12-11,0.0,3.88
06-12-11,0.0,3.44
07-12-11,2.0,2.87
08-12-11,,0.24
09-12-11,23.0,3.42
10-12-11,29.0,2.43
11-12-11,18.0,8.34
12-12-11,4.0,8.18
13-12-11,1.0,6.91
14-12-11,0.0,1.21
15-12-11,0.0,0.19
16-12-11,0.0,6.22
17-12-11,0.0,1.68
18-12-11,0.0,0.37
19-12-11,0.0,1.73
20-12-11,0.0,6.38
21-12-11,0.0,8.55
22-12-11,0.0,0.33
23-12-11,0.0,1.31
24-12-11,0.0,0.0
25-12-11,0.0,0.0
26-12-11,0.0,2.82
27-12-11,0.0,1.11
28-12-11,0.0,6.52
29-12-11,0.0,3.55
30-12-11,0.0,0.0
31-12-11,2.0,0.0
01-01-12,,0.0
02-01-12,0.0,0.0
03-01-12,0.0,0.0
04-01-12,0.0,0.0
05-01-12,0.0,0.0
06-01-12,0.0,0.0
07-01-12,,0.0
08-01-12,0.0,0.0
09-01-12,0.0,0.0
10-01-12,,2.41
11-01-12,4.0,11.33
12-01-12,2.0,9.84
13-01-12,0.0,0.0
14-01-12,0.0,0.0
15-01-12,0.0,0.0
16-01-12,0.0,0.0
17-01-12,0.0,0.0
18-01-12,0.0,0.0
19-01-12,0.0,0.0
20-01-12,0.0,0.0
21-01-12,0.0,0.0
22-01-12,0.0,0.0
23-01-12,0.0,0.0
24-01-12,0.3,0.0
25-01-12,0.8,0.0
26-01-12,,0.26
27-01-12,0.0,0.0
28-01-12,0.0,0.0
29-01-12,0.0,0.0
30-01-12,0.0,0.0
31-01-12,0.0,0.02
01-02-12,0.0,0.0
02-02-12,0.0,0.0
03-02-12,0.0,0.0
04-02-12,,0.0
05-02-12,0.5,0.0
06-02-12,0.0,0.0
07-02-12,0.0,0.0
08-02-12,0.0,0.0
09-02-12,,0.0
10-02-12,,0.0
11-02-12,,0.0
12-02-12,0.0,0.0
13-02-12,0.0,0.0
14-02-12,0.0,0.0
15-02-12,0.0,0.0
16-02-12,0.0,2.04
17-02-12,0.0,0.1
18-02-12,,0.0
19-02-12,,0.0
20-02-12,0.0,0.0
21-02-12,0.0,0.0
22-02-12,0.0,0.0
23-02-12,,0.0
24-02-12,1.0,0.0
25-02-12,,0.0
26-02-12,0.0,4.34
27-02-12,,12.2
28-02-12,11.0,0.29
29-02-12,1.0,0.0
01-03-12,0.0,0.99
02-03-12,0.4,1.65
03-03-12,0.0,0.52
04-03-12,0.0,0.0
05-03-12,1.0,0.0
06-03-12,18.0,0.51
07-03-12,,0.0
08-03-12,,0.0
09-03-12,,0.0
10-03-12,0.0,0.0
11-03-12,0.0,1.29
12-03-12,,0.79
13-03-12,0.0,0.0
14-03-12,0.0,0.0
15-03-12,0.0,0.0
16-03-12,0.0,0.0
17-03-12,0.0,0.0
18-03-12,0.0,0.0
19-03-12,0.0,0.0
20-03-12,0.0,0.0
21-03-12,0.0,0.0
22-03-12,0.0,0.0
23-03-12,0.0,0.0
24-03-12,1.0,0.0
25-03-12,0.0,0.0
26-03-12,0.0,0.0
27-03-12,0.0,0.0
28-03-12,0.0,0.0
29-03-12,0.0,0.0
30-03-12,0.0,0.0
31-03-12,0.0,0.0
01-04-12,0.0,0.02
02-04-12,0.0,0.0
03-04-12,1.0,18.52
04-04-12,18.0,14.77
05-04-12,9.0,2.2
06-04-12,,2.83
07-04-12,3.0,0.04
08-04-12,0.0,0.02
09-04-12,,0.0
10-04-12,,0.0
11-04-12,,0.0
12-04-12,0.0,0.0
13-04-12,0.0,0.0
14-04-12,0.0,0.0
15-04-12,0.0,0.12
16-04-12,0.0,0.89
17-04-12,0.0,0.97
18-04-12,26.0,2.0
19-04-12,4.0,1.22
20-04-12,0.0,0.0
21-04-12,,0.0
22-04-12,0.0,0.0
23-04-12,1.0,0.68
24-04-12,1.0,0.0
25-04-12,54.0,0.01
26-04-12,0.0,0.0
27-04-12,0.0,0.0
28-04-12,0.0,0.06
29-04-12,,0.05
30-04-12,61.0,0.5
01-05-12,12.0,0.23
02-05-12,0.0,0.01
03-05-12,0.0,0.0
04-05-12,0.0,1.91
05-05-12,0.0,0.01
06-05-12,0.0,0.0
07-05-12,,0.0
08-05-12,0.0,0.0
09-05-12,0.0,0.0
10-05-12,0.0,0.0
11-05-12,0.0,0.03
12-05-12,,0.21
13-05-12,1.0,0.12
14-05-12,0.0,1.14
15-05-12,0.0,3.17
16-05-12,1.0,0.0
17-05-12,1.0,0.0
18-05-12,0.0,0.0
19-05-12,0.0,0.0
20-05-12,0.0,0.0
21-05-12,0.0,0.0
22-05-12,0.0,0.0
23-05-12,0.0,0.0
24-05-12,0.0,0.0
25-05-12,0.0,0.0
26-05-12,0.0,0.0
27-05-12,0.0,0.0
28-05-12,0.0,0.1
29-05-12,0.0,0.04
30-05-12,0.0,0.05
31-05-12,0.0,0.0
01-06-12,0.0,0.0
02-06-12,0.0,0.0
03-06-12,0.0,0.0
04-06-12,0.0,0.0
05-06-12,0.0,0.0
06-06-12,0.0,0.0
07-06-12,0.0,0.0
08-06-12,0.0,0.0
09-06-12,,0.0
10-06-12,,0.0
11-06-12,0.0,0.0
12-06-12,0.0,0.0
13-06-12,0.0,0.0
14-06-12,0.0,0.0
15-06-12,0.0,0.0
16-06-12,0.0,0.0
17-06-12,0.0,0.0
18-06-12,0.0,0.0
19-06-12,0.0,0.06
20-06-12,0.0,0.0
21-06-12,0.0,0.0
22-06-12,0.0,1.47
23-06-12,,1.38
24-06-12,,0.0
25-06-12,0.0,0.02
26-06-12,0.0,0.49
27-06-12,,0.03
28-06-12,0.4,0.02
29-06-12,0.0,0.0
30-06-12,0.0,0.0
01-07-12,0.0,0.0
02-07-12,0.0,0.0
03-07-12,0.0,0.0
04-07-12,0.0,0.0
05-07-12,0.0,0.0
06-07-12,0.0,0.0
07-07-12,0.0,0.0
08-07-12,0.0,0.0
09-07-12,0.0,0.0
10-07-12,0.0,0.0
11-07-12,0.0,0.0
12-07-12,,0.0
13-07-12,0.0,0.0
14-07-12,0.0,0.33
15-07-12,,0.06
16-07-12,0.0,0.0
17-07-12,0.0,0.0
18-07-12,0.0,0.0
19-07-12,0.0,0.0
20-07-12,0.0,0.01
21-07-12,0.0,0.01
22-07-12,0.0,0.0
23-07-12,0.0,0.0
24-07-12,0.0,0.0
25-07-12,0.0,0.0
26-07-12,0.0,0.0
27-07-12,0.0,0.0
28-07-12,,0.0
29-07-12,0.0,0.08
30-07-12,0.0,0.0
31-07-12,0.0,0.14
01-08-12,0.0,0.0
02-08-12,0.0,0.01
03-08-12,0.0,0.02
04-08-12,0.0,0.0
05-08-12,0.0,0.0
06-08-12,0.0,0.0
07-08-12,0.0,0.0
08-08-12,0.5,0.05
09-08-12,0.0,0.0
10-08-12,0.0,0.18
11-08-12,18.0,0.0
12-08-12,0.0,0.0
13-08-12,0.0,0.0
14-08-12,0.0,0.0
15-08-12,0.0,0.0
16-08-12,0.0,0.0
17-08-12,0.0,0.0
18-08-12,0.0,0.0
19-08-12,0.0,1.85
20-08-12,0.4,0.05
21-08-12,4.0,0.0
22-08-12,0.0,0.0
23-08-12,0.0,0.0
24-08-12,0.0,0.0
25-08-12,0.0,0.0
26-08-12,0.0,0.0
27-08-12,0.0,0.0
28-08-12,0.0,0.0
29-08-12,0.0,0.01
30-08-12,0.0,0.0
31-08-12,0.0,0.0
01-09-12,0.0,0.0
02-09-12,0.5,0.01
03-09-12,0.0,0.0
04-09-12,0.0,0.0
05-09-12,0.0,0.0
06-09-12,0.0,0.0
07-09-12,0.0,0.0
08-09-12,0.5,0.0
09-09-12,0.0,0.0
10-09-12,0.0,0.0
11-09-12,,0.07
12-09-12,1.0,0.04
13-09-12,0.5,0.0
14-09-12,,0.0
15-09-12,0.0,0.0
16-09-12,0.0,0.0
17-09-12,,0.0
18-09-12,0.0,0.0
19-09-12,0.0,0.0
20-09-12,0.0,0.0
21-09-12,0.0,0.0
22-09-12,0.0,0.0
23-09-12,0.0,0.0
24-09-12,0.0,0.0
25-09-12,0.0,0.0
26-09-12,0.0,0.0
27-09-12,,0.0
28-09-12,0.0,0.0
29-09-12,0.0,0.0
30-09-12,,0.06
01-10-12,3.0,0.0
02-10-12,3.0,0.0
03-10-12,0.0,0.03
04-10-12,0.0,0.0
05-10-12,0.0,0.04
06-10-12,0.2,0.01
07-10-12,0.0,0.03
08-10-12,,0.01
09-10-12,0.0,0.0
10-10-12,0.0,1.15
11-10-12,2.0,1.94
12-10-12,,1.14
13-10-12,7.0,0.29
14-10-12,,0.11
15-10-12,0.0,0.0
16-10-12,0.0,0.0
17-10-12,0.0,0.0
18-10-12,0.0,0.0
19-10-12,0.0,0.0
20-10-12,0.8,0.0
21-10-12,0.0,0.0
22-10-12,0.0,1.38
23-10-12,0.0,0.0
24-10-12,0.0,0.0
25-10-12,0.0,0.0
26-10-12,0.0,0.0
27-10-12,0.0,0.0
28-10-12,0.0,0.0
29-10-12,0.0,0.0
30-10-12,0.0,0.0
31-10-12,,0.0
01-11-12,0.0,0.0
02-11-12,0.0,10.23
03-11-12,42.0,3.66
04-11-12,,1.33
05-11-12,0.0,0.0
06-11-12,,0.0
07-11-12,0.0,0.0
08-11-12,0.0,6.49
09-11-12,0.6,6.15
10-11-12,45.0,0.98
11-11-12,93.0,0.0
12-11-12,,0.0
13-11-12,0.0,0.0
14-11-12,0.0,0.0
15-11-12,0.0,0.0
16-11-12,0.0,0.0
17-11-12,,0.09
18-11-12,16.0,0.0
19-11-12,0.0,0.0
20-11-12,0.0,0.0
21-11-12,0.0,0.01
22-11-12,,2.4
23-11-12,0.8,0.07
24-11-12,11.0,0.05
25-11-12,3.0,0.0
26-11-12,0.0,0.0
27-11-12,0.0,0.0
28-11-12,0.0,0.0
29-11-12,0.0,0.01
30-11-12,0.0,0.0
01-12-12,0.0,19.72
01-12-12,4.0,19.72
02-12-12,7.0,7.32
03-12-12,0.0,0.02
04-12-12,4.0,0.03
05-12-12,0.7,0.28
06-12-12,0.4,1.67
07-12-12,0.7,0.45
08-12-12,21.0,0.44
09-12-12,0.0,0.09
10-12-12,0.0,0.0
11-12-12,0.0,0.0
12-12-12,0.0,0.01
13-12-12,0.0,1.4
14-12-12,4.0,7.29
15-12-12,,0.77
16-12-12,0.0,0.34
17-12-12,0.0,0.0
18-12-12,15.0,3.75
19-12-12,0.0,2.03
20-12-12,0.0,0.0
21-12-12,,0.02
22-12-12,0.5,3.32
23-12-12,,6.42
24-12-12,0.0,1.87
25-12-12,,2.77
26-12-12,0.0,0.08
27-12-12,0.0,0.04
28-12-12,,8.17
29-12-12,7.0,6.85
30-12-12,0.0,1.61
31-12-12,0.0,0.5
01-01-13,,0.45
02-01-13,0.0,1.33
03-01-13,1.0,0.0
04-01-13,,0.0
05-01-13,,0.0
06-01-13,0.0,0.33
07-01-13,15.0,0.22
08-01-13,,4.68
09-01-13,,0.37
10-01-13,0.0,0.0
11-01-13,0.0,0.0
12-01-13,0.0,2.97
13-01-13,8.0,6.05
14-01-13,0.0,2.25
15-01-13,,8.1
16-01-13,3.0,0.16
17-01-13,0.0,7.83
18-01-13,,0.0
19-01-13,0.0,0.0
20-01-13,0.0,0.0
21-01-13,0.0,0.0
22-01-13,0.0,0.0
23-01-13,0.0,0.12
24-01-13,,0.23
25-01-13,0.0,0.41
26-01-13,0.0,0.09
27-01-13,0.2,0.0
28-01-13,,0.23
29-01-13,0.0,6.49
30-01-13,0.0,9.09
31-01-13,0.0,16.67
01-02-13,0.0,7.94
02-02-13,0.0,0.0
03-02-13,1.0,0.13
04-02-13,0.0,0.0
05-02-13,,0.06
06-02-13,0.0,0.24
07-02-13,0.0,0.03
08-02-13,,0.0
09-02-13,0.0,0.0
10-02-13,0.0,0.0
11-02-13,0.5,0.0
12-02-13,0.0,0.0
13-02-13,0.0,0.0
14-02-13,0.0,0.0
15-02-13,0.0,0.0
16-02-13,0.0,0.0
17-02-13,0.0,0.0
18-02-13,0.0,0.0
19-02-13,0.0,0.0
20-02-13,0.0,0.0
21-02-13,0.0,0.0
22-02-13,0.0,0.0
23-02-13,0.0,0.0
24-02-13,0.0,0.0
25-02-13,0.0,0.0
26-02-13,,0.0
27-02-13,,0.0
28-02-13,,0.0
01-03-13,0.0,0.0
02-03-13,0.0,0.0
03-03-13,,0.0
04-03-13,0.0,0.16
05-03-13,0.0,1.15
06-03-13,6.0,4.0
07-03-13,,1.04
08-03-13,,0.0
09-03-13,0.0,0.0
10-03-13,0.0,0.0
11-03-13,0.0,0.0
12-03-13,,1.98
13-03-13,0.0,0.0
14-03-13,0.0,4.62
15-03-13,1.0,0.63
16-03-13,0.0,0.0
17-03-13,,0.0
18-03-13,0.0,0.04
19-03-13,0.0,0.0
20-03-13,,0.0
21-03-13,,7.66
22-03-13,0.0,0.01
23-03-13,0.0,0.0
24-03-13,0.0,2.38
25-03-13,0.0,0.0
26-03-13,0.0,8.33
27-03-13,8.0,3.54
28-03-13,0.0,0.0
29-03-13,0.0,0.0
30-03-13,0.0,0.02
31-03-13,0.3,0.0
01-04-13,0.0,3.08
02-04-13,,5.57
03-04-13,,0.02
04-04-13,0.0,0.19
05-04-13,0.0,4.74
06-04-13,1.0,0.0
07-04-13,48.0,0.0
08-04-13,0.0,0.01
09-04-13,,6.05
10-04-13,0.0,1.02
11-04-13,40.0,0.03
12-04-13,0.0,1.03
13-04-13,26.0,3.15
14-04-13,0.4,0.38
15-04-13,,0.0
16-04-13,,0.0
17-04-13,0.0,0.0
18-04-13,,0.0
19-04-13,,0.04
20-04-13,,0.02
21-04-13,0.0,0.0
22-04-13,,0.02
23-04-13,,0.63
24-04-13,2.0,0.15
25-04-13,,0.4
26-04-13,0.0,0.0
27-04-13,,0.0
28-04-13,,0.04
29-04-13,,0.11
30-04-13,,0.21
01-05-13,0.0,0.28
02-05-13,,1.14
03-05-13,0.0,0.06
04-05-13,,1.09
05-05-13,,1.64
06-05-13,,0.61
07-05-13,,0.0
08-05-13,,0.0
09-05-13,,0.0
10-05-13,0.0,0.08
11-05-13,0.0,1.33
12-05-13,1.0,0.1
13-05-13,,0.17
14-05-13,1.0,0.0
15-05-13,,0.05
16-05-13,0.0,0.0
17-05-13,0.0,0.1
18-05-13,0.0,0.03
19-05-13,,0.03
20-05-13,0.0,0.0
21-05-13,0.0,0.0
22-05-13,0.0,0.0
23-05-13,0.0,0.0
24-05-13,0.0,0.0
25-05-13,0.0,0.0
26-05-13,0.0,0.28
27-05-13,2.0,0.98
28-05-13,2.0,0.03
29-05-13,,0.13
30-05-13,0.0,1.57
31-05-13,,0.0
01-06-13,0.0,0.0
02-06-13,0.0,0.0
03-06-13,0.0,0.0
04-06-13,0.0,0.0
05-06-13,0.0,0.0
06-06-13,0.0,0.0
07-06-13,0.0,0.0
08-06-13,0.0,0.0
09-06-13,0.0,0.11
10-06-13,0.0,0.16
11-06-13,0.0,0.0
12-06-13,0.0,0.0
13-06-13,0.0,0.0
14-06-13,0.0,0.0
15-06-13,0.0,0.0
16-06-13,0.0,0.12
17-06-13,0.0,0.0
18-06-13,0.0,0.0
19-06-13,0.0,0.0
20-06-13,0.0,0.01
21-06-13,0.0,0.0
22-06-13,0.0,0.39
23-06-13,0.0,0.51
24-06-13,,0.04
25-06-13,,0.0
26-06-13,,0.0
27-06-13,0.0,0.04
28-06-13,0.0,0.0
29-06-13,,0.0
30-06-13,0.0,0.0
01-07-13,,0.0
02-07-13,,0.0
03-07-13,,0.0
04-07-13,0.0,0.0
05-07-13,0.0,0.0
06-07-13,0.0,0.0
07-07-13,0.0,0.0
08-07-13,0.0,0.0
09-07-13,0.0,0.0
10-07-13,0.0,0.0
11-07-13,0.0,0.0
12-07-13,0.0,0.0
13-07-13,0.0,0.0
14-07-13,0.0,0.0
15-07-13,0.0,0.0
16-07-13,0.0,0.09
17-07-13,0.0,0.0
18-07-13,0.0,0.0
19-07-13,0.0,0.0
20-07-13,0.0,0.0
21-07-13,0.0,0.0
22-07-13,,0.0
23-07-13,,0.0
01-08-13,0.0,0.0
02-08-13,0.0,0.01
03-08-13,,0.04
04-08-13,,0.01
05-08-13,,0.0
06-08-13,0.0,0.0
07-08-13,0.0,0.17
08-08-13,0.0,0.1
09-08-13,,0.07
10-08-13,0.0,0.05
11-08-13,0.0,0.0
12-08-13,0.0,0.0
13-08-13,0.0,0.0
14-08-13,0.0,0.0
15-08-13,0.0,0.0
16-08-13,0.0,0.0
17-08-13,0.0,0.0
18-08-13,0.0,0.0
19-08-13,0.0,0.02
20-08-13,0.0,0.0
21-08-13,0.0,0.12
22-08-13,,0.0
23-08-13,,0.01
24-08-13,0.0,0.09
25-08-13,0.0,0.0
26-08-13,0.0,0.0
27-08-13,,0.0
28-08-13,0.0,0.0
29-08-13,,0.0
30-08-13,0.5,0.01
31-08-13,0.0,0.0
01-09-13,0.0,0.0
02-09-13,0.0,0.03
03-09-13,0.0,0.0
04-09-13,0.0,0.0
05-09-13,0.0,0.0
06-09-13,0.0,0.0
07-09-13,0.0,0.0
08-09-13,0.0,0.0
09-09-13,0.5,0.02
10-09-13,,0.0
11-09-13,,0.08
12-09-13,,0.0
13-09-13,0.0,0.0
14-09-13,0.0,0.0
15-09-13,0.0,0.0
16-09-13,0.0,0.03
17-09-13,0.0,0.02
18-09-13,0.0,0.0
19-09-13,,0.0
20-09-13,0.0,0.0
21-09-13,0.0,0.0
22-09-13,2.0,0.14
23-09-13,0.0,0.0
24-09-13,,0.0
25-09-13,,0.0
26-09-13,0.0,0.0
27-09-13,0.0,0.0
28-09-13,0.0,0.0
29-09-13,,0.0
30-09-13,,0.0
01-10-13,2.0,2.85
02-10-13,1.0,0.3
03-10-13,2.0,0.0
04-10-13,0.0,0.0
05-10-13,,0.05
06-10-13,0.5,0.05
07-10-13,,0.0
08-10-13,,0.0
09-10-13,,0.0
10-10-13,0.0,0.0
11-10-13,0.0,0.37
12-10-13,28.0,0.0
13-10-13,0.0,0.0
14-10-13,,0.0
15-10-13,0.0,0.0
16-10-13,0.0,0.0
17-10-13,0.0,0.0
18-10-13,0.0,0.0
19-10-13,0.0,0.0
20-10-13,0.0,0.0
21-10-13,0.0,0.0
22-10-13,0.0,0.0
23-10-13,0.0,0.0
24-10-13,0.0,0.0
25-10-13,,0.0
26-10-13,,0.0
27-10-13,,0.0
28-10-13,,0.0
29-10-13,,0.0
30-10-13,0.0,0.0
31-10-13,,0.0
01-11-13,,3.24
02-11-13,,0.46
03-11-13,,0.12
04-11-13,0.0,0.05
05-11-13,,0.09
06-11-13,,0.11
07-11-13,1.0,0.38
08-11-13,0.0,3.72
09-11-13,26.0,0.02
10-11-13,0.0,0.0
11-11-13,0.0,0.0
12-11-13,0.0,0.0
13-11-13,0.0,0.0
14-11-13,0.0,0.0
15-11-13,0.0,0.0
16-11-13,0.0,0.0
17-11-13,,0.0
18-11-13,0.0,0.01
19-11-13,0.9,0.0
20-11-13,0.6,0.18
21-11-13,1.0,0.0
22-11-13,0.0,1.52
23-11-13,0.0,0.0
24-11-13,0.0,0.0
25-11-13,34.0,1.42
26-11-13,1.0,5.56
27-11-13,,0.81
28-11-13,22.0,0.25
29-11-13,,0.25
30-11-13,,0.4
01-12-13,0.0,16.35
01-12-13,0.0,16.35
02-12-13,0.4,13.59
03-12-13,,3.01
04-12-13,0.0,22.61
05-12-13,0.0,8.21
06-12-13,0.0,0.02
07-12-13,0.0,13.18
08-12-13,,2.6
09-12-13,0.0,5.92
10-12-13,0.0,5.39
11-12-13,0.0,6.08
12-12-13,,3.41
13-12-13,,11.75
14-12-13,5.0,9.2
15-12-13,1.0,2.74
16-12-13,2.0,0.11
17-12-13,0.0,0.02
18-12-13,,0.63
19-12-13,,0.04
20-12-13,0.6,0.18
21-12-13,0.0,1.51
22-12-13,0.0,0.54
23-12-13,30.0,0.42
24-12-13,,7.31
25-12-13,0.6,11.51
26-12-13,0.0,4.14
27-12-13,0.0,0.63
28-12-13,,7.18
29-12-13,8.0,0.69
30-12-13,1.0,0.55
31-12-13,28.0,0.13
01-01-14,,0.0
02-01-14,,0.07
03-01-14,,0.0
04-01-14,,0.21
05-01-14,,0.0
06-01-14,,0.0
07-01-14,,0.0
08-01-14,0.5,0.03
09-01-14,0.0,2.22
10-01-14,1.0,0.44
11-01-14,0.5,0.02
12-01-14,,0.0
13-01-14,0.0,0.14
14-01-14,,0.02
15-01-14,,0.0
16-01-14,0.0,0.0
17-01-14,0.0,0.0
18-01-14,0.0,0.0
19-01-14,,0.0
20-01-14,,0.0
21-01-14,0.0,0.0
22-01-14,,0.04
23-01-14,,0.5
24-01-14,0.4,0.02
25-01-14,,0.0
26-01-14,0.0,0.0
27-01-14,0.0,0.0
28-01-14,0.0,0.02
29-01-14,,0.0
30-01-14,0.0,0.09
31-01-14,,0.07
01-02-14,0.0,0.0
02-02-14,0.0,0.0
03-02-14,,0.0
04-02-14,0.0,0.0
05-02-14,0.0,0.0
06-02-14,0.0,0.0
07-02-14,0.0,6.89
08-02-14,0.0,3.41
09-02-14,,7.14
10-02-14,0.5,7.02
11-02-14,0.0,17.47
12-02-14,38.0,56.14
13-02-14,,18.63
14-02-14,0.0,36.24
15-02-14,,6.95
16-02-14,1.0,8.91
17-02-14,,0.0
18-02-14,,0.0
19-02-14,,0.0
20-02-14,0.5,0.05
21-02-14,,0.14
22-02-14,0.0,0.53
23-02-14,0.0,0.0
24-02-14,0.0,0.0
25-02-14,0.0,0.0
26-02-14,0.0,0.0
27-02-14,0.0,0.0
28-02-14,0.0,0.0
01-03-14,0.0,0.04
02-03-14,0.0,0.0
03-03-14,0.0,0.0
04-03-14,0.0,0.0
05-03-14,0.0,0.0
06-03-14,,4.52
07-03-14,7.0,1.49
08-03-14,,0.0
09-03-14,,0.0
10-03-14,0.5,0.0
11-03-14,2.0,0.0
12-03-14,0.0,0.0
13-03-14,13.0,7.83
14-03-14,0.0,4.77
15-03-14,,15.43
16-03-14,,9.25
17-03-14,0.3,3.49
18-03-14,0.0,5.69
19-03-14,,2.62
20-03-14,0.0,0.0
21-03-14,0.0,0.0
22-03-14,0.0,0.0
23-03-14,19.0,0.0
24-03-14,0.0,2.21
25-03-14,,7.33
26-03-14,11.0,18.24
27-03-14,,12.29
28-03-14,,4.09
29-03-14,,0.2
30-03-14,0.0,0.0
31-03-14,0.0,0.0
01-04-14,0.0,7.5
02-04-14,0.0,0.61
03-04-14,0.0,0.12
04-04-14,0.0,0.0
05-04-14,0.0,0.58
06-04-14,2.0,0.0
07-04-14,0.0,0.17
08-04-14,11.0,1.23
09-04-14,3.0,3.6
10-04-14,0.0,2.61
11-04-14,7.0,0.69
12-04-14,6.0,0.21
13-04-14,0.0,0.62
14-04-14,17.0,0.05
15-04-14,0.0,0.39
16-04-14,,2.53
17-04-14,,3.14
18-04-14,,0.57
19-04-14,9.0,4.55
20-04-14,,4.6
21-04-14,0.0,0.07
22-04-14,0.0,5.48
23-04-14,0.0,3.0
24-04-14,,0.05
25-04-14,11.0,0.06
26-04-14,0.0,0.0
27-04-14,0.0,0.0
28-04-14,0.0,0.0
29-04-14,0.0,0.06
30-04-14,0.0,0.0
01-05-14,0.0,0.07
02-05-14,,1.99
03-05-14,2.0,0.01
04-05-14,0.0,0.77
05-05-14,,0.12
06-05-14,5.0,0.16
07-05-14,0.5,1.04
08-05-14,,0.12
09-05-14,0.0,0.64
10-05-14,,0.0
11-05-14,0.0,0.0
12-05-14,,0.19
13-05-14,,0.0
14-05-14,,0.01
15-05-14,0.0,0.0
16-05-14,0.0,0.0
17-05-14,0.0,0.0
18-05-14,0.0,0.0
19-05-14,0.4,0.01
20-05-14,4.0,0.0
21-05-14,,0.04
22-05-14,0.0,0.49
23-05-14,1.0,0.05
24-05-14,0.0,0.0
25-05-14,0.0,0.0
26-05-14,0.0,0.0
27-05-14,0.0,0.0
28-05-14,,0.0
29-05-14,,0.0
30-05-14,,0.0
31-05-14,,0.0
01-06-14,0.0,0.0
02-06-14,,0.0
03-06-14,,0.0
04-06-14,,0.02
05-06-14,3.0,0.0
06-06-14,0.0,0.0
07-06-14,0.0,0.0
08-06-14,0.0,0.0
09-06-14,0.0,0.0
10-06-14,0.0,0.04
11-06-14,0.0,0.1
12-06-14,0.0,0.0
13-06-14,0.0,0.0
14-06-14,0.0,0.0
15-06-14,0.0,0.0
16-06-14,0.0,0.0
17-06-14,0.0,0.01
18-06-14,,0.0
19-06-14,,0.0
20-06-14,0.0,0.0
21-06-14,0.0,0.13
22-06-14,3.0,0.07
23-06-14,1.0,0.25
24-06-14,,0.15
25-06-14,0.0,0.0
26-06-14,0.0,0.03
27-06-14,,0.0
28-06-14,0.0,0.05
29-06-14,0.0,0.0
30-06-14,0.0,0.0
01-07-14,0.0,0.0
02-07-14,0.0,0.0
03-07-14,0.0,0.0
04-07-14,0.0,0.0
05-07-14,0.0,0.01
06-07-14,0.0,0.0
07-07-14,0.0,0.0
08-07-14,0.0,0.0
09-07-14,0.0,0.0
10-07-14,0.0,0.0
11-07-14,0.0,0.0
12-07-14,0.0,0.0
13-07-14,,0.0
14-07-14,,0.0
15-07-14,,0.0
16-07-14,,0.0
17-07-14,,0.0
18-07-14,0.0,0.0
19-07-14,0.0,0.0
20-07-14,0.0,0.0
21-07-14,0.0,0.0
22-07-14,0.0,0.0
23-07-14,0.0,0.0
24-07-14,0.0,0.0
25-07-14,0.0,0.03
26-07-14,0.0,0.01
27-07-14,0.0,0.0
28-07-14,0.0,0.0
29-07-14,0.0,0.0
30-07-14,0.0,0.8
31-07-14,3.0,0.07
01-08-14,1.0,0.0
02-08-14,0.0,0.0
03-08-14,0.0,0.0
04-08-14,0.0,0.0
05-08-14,0.0,0.0
06-08-14,0.0,0.09
07-08-14,,0.06
08-08-14,0.0,0.0
09-08-14,0.0,0.0
10-08-14,0.0,0.0
11-08-14,,0.0
12-08-14,0.0,0.0
13-08-14,0.0,0.0
14-08-14,,0.0
15-08-14,,0.0
16-08-14,,0.0
17-08-14,0.0,0.07
18-08-14,,0.0
19-08-14,0.0,0.17
20-08-14,0.0,0.0
21-08-14,0.0,0.0
22-08-14,,0.0
23-08-14,,0.0
24-08-14,0.0,0.0
25-08-14,0.0,0.0
26-08-14,0.0,0.0
27-08-14,0.0,0.0
28-08-14,0.0,0.0
29-08-14,0.0,0.0
30-08-14,5.0,1.47
31-08-14,2.0,0.01
01-09-14,0.0,0.26
02-09-14,0.0,0.0
03-09-14,0.0,0.0
04-09-14,0.0,0.0
05-09-14,,0.0
06-09-14,,0.0
07-09-14,0.6,0.07
08-09-14,,0.03
09-09-14,0.0,0.0
10-09-14,0.0,0.0
11-09-14,0.0,0.0
12-09-14,0.0,0.0
13-09-14,,0.06
14-09-14,0.0,0.0
15-09-14,2.0,1.84
16-09-14,17.0,0.01
17-09-14,0.0,0.03
18-09-14,0.0,0.0
19-09-14,0.0,0.0
20-09-14,0.0,0.01
21-09-14,0.0,0.0
22-09-14,0.0,0.0
23-09-14,0.0,0.0
24-09-14,0.0,0.0
25-09-14,0.0,0.0
26-09-14,0.0,0.03
27-09-14,0.0,0.0
28-09-14,0.0,0.0
29-09-14,0.0,0.0
30-09-14,0.0,0.0
01-10-14,0.0,0.0
02-10-14,0.0,0.0
03-10-14,0.0,0.0
04-10-14,0.0,0.0
05-10-14,0.0,0.38
06-10-14,2.0,0.14
07-10-14,,0.85
08-10-14,94.0,0.04
09-10-14,0.0,0.0
10-10-14,0.0,0.15
11-10-14,0.0,0.01
12-10-14,,0.02
13-10-14,0.0,0.09
14-10-14,6.0,0.0
15-10-14,0.0,0.0
16-10-14,0.0,0.0
17-10-14,0.0,0.0
18-10-14,,0.44
19-10-14,0.8,0.03
20-10-14,1.0,0.0
21-10-14,0.0,0.0
22-10-14,0.0,0.01
23-10-14,,0.0
24-10-14,,0.0
25-10-14,0.0,0.0
26-10-14,0.0,0.0
27-10-14,0.0,0.0
28-10-14,,0.0
29-10-14,,0.0
30-10-14,0.0,0.0
31-10-14,0.0,0.0
01-11-14,0.7,1.37
02-11-14,4.0,3.17
03-11-14,13.0,2.15
04-11-14,0.0,0.0
05-11-14,2.0,0.41
06-11-14,,0.03
07-11-14,0.0,0.0
08-11-14,0.0,0.01
09-11-14,0.0,0.01
10-11-14,0.0,0.0
11-11-14,2.0,0.0
12-11-14,3.0,0.0
13-11-14,1.0,0.0
14-11-14,18.0,0.03
15-11-14,0.0,0.0
16-11-14,0.0,0.0
17-11-14,6.0,0.0
18-11-14,20.0,0.13
19-11-14,25.0,0.0
20-11-14,0.5,0.0
21-11-14,1.0,0.08
22-11-14,0.0,0.02
23-11-14,0.0,0.0
24-11-14,0.0,0.0
25-11-14,0.0,0.0
26-11-14,0.0,0.0
27-11-14,0.0,0.0
28-11-14,0.0,6.02
29-11-14,0.0,0.68
30-11-14,0.0,14.42
01-12-14,0.0,17.84
01-12-14,0.0,17.84
02-12-14,39.0,14.24
03-12-14,,10.14
04-12-14,,1.86
05-12-14,0.0,0.0
06-12-14,54.0,1.54
07-12-14,3.0,4.6
08-12-14,50.0,0.78
09-12-14,42.0,0.02
10-12-14,14.0,0.06
11-12-14,0.6,0.0
12-12-14,26.0,0.03
13-12-14,,0.02
14-12-14,,0.29
15-12-14,4.0,1.32
16-12-14,24.0,0.24
17-12-14,3.0,0.05
18-12-14,,0.79
19-12-14,,5.91
20-12-14,3.0,0.0
21-12-14,,0.33
22-12-14,3.0,4.26
23-12-14,0.0,1.05
24-12-14,,5.51
25-12-14,,2.85
26-12-14,,1.2
27-12-14,2.0,0.09
28-12-14,,0.05
29-12-14,0.6,1.13
30-12-14,0.0,0.42
31-12-14,0.0,0.0
01-01-15,,0.0
02-01-15,,0.0
03-01-15,,0.0
04-01-15,0.0,0.0
05-01-15,,0.0
06-01-15,,0.0
07-01-15,0.0,0.16
08-01-15,0.0,0.0
09-01-15,0.0,0.0
10-01-15,0.0,6.31
11-01-15,0.0,0.55
12-01-15,0.0,8.02
13-01-15,0.2,1.05
14-01-15,,0.0
15-01-15,0.0,0.0
16-01-15,,0.0
17-01-15,0.0,0.0
18-01-15,0.0,0.0
19-01-15,0.0,0.0
20-01-15,0.0,4.31
21-01-15,,10.41
22-01-15,0.2,5.3
23-01-15,0.0,2.26
24-01-15,0.0,1.37
25-01-15,0.6,0.73
26-01-15,0.0,0.0
27-01-15,0.0,0.0
28-01-15,0.0,0.0
29-01-15,0.0,0.01
30-01-15,0.0,0.0
31-01-15,0.0,0.0
01-02-15,0.0,0.0
02-02-15,0.0,0.0
03-02-15,,0.0
04-02-15,,0.0
05-02-15,,0.0
06-02-15,,0.0
07-02-15,,0.0
08-02-15,0.1,0.0
09-02-15,0.5,0.0
10-02-15,0.0,0.43
11-02-15,,0.0
12-02-15,0.0,0.0
13-02-15,0.0,0.0
14-02-15,0.0,0.0
15-02-15,0.0,4.5
16-02-15,0.0,7.27
17-02-15,3.0,0.0
18-02-15,0.0,0.0
19-02-15,0.0,0.0
20-02-15,0.0,0.0
21-02-15,0.0,0.0
22-02-15,0.0,0.0
23-02-15,0.0,0.0
24-02-15,0.0,0.0
25-02-15,0.0,0.0
26-02-15,0.0,0.0
27-02-15,0.0,0.0
28-02-15,0.0,0.0
01-03-15,0.0,0.0
02-03-15,0.0,0.0
03-03-15,,0.0
04-03-15,0.0,0.0
05-03-15,0.0,0.0
06-03-15,,0.0
07-03-15,,0.0
08-03-15,0.0,0.0
09-03-15,0.0,0.0
10-03-15,0.0,0.0
11-03-15,0.0,0.0
12-03-15,0.0,0.0
13-03-15,,0.0
14-03-15,,0.0
15-03-15,0.0,0.0
16-03-15,0.0,0.0
17-03-15,4.0,0.0
18-03-15,0.0,0.0
19-03-15,0.0,0.0
20-03-15,0.0,1.09
21-03-15,0.0,0.6
22-03-15,0.0,4.48
23-03-15,,1.84
24-03-15,3.0,0.13
25-03-15,,0.81
26-03-15,0.6,0.13
27-03-15,27.0,0.04
28-03-15,0.0,0.0
29-03-15,0.0,3.66
30-03-15,,1.46
31-03-15,0.0,4.81
01-04-15,0.0,0.0
02-04-15,0.0,0.46
03-04-15,0.0,0.0
04-04-15,0.0,0.98
05-04-15,0.0,6.58
06-04-15,6.0,3.46
07-04-15,0.0,9.0
08-04-15,,6.9
09-04-15,0.0,0.05
10-04-15,31.0,2.14
11-04-15,7.0,6.56
12-04-15,48.0,3.12
13-04-15,25.0,1.64
14-04-15,0.0,0.39
15-04-15,,4.85
16-04-15,0.0,1.28
17-04-15,0.0,3.85
18-04-15,0.0,0.14
19-04-15,0.0,0.02
20-04-15,0.0,0.0
21-04-15,0.0,0.0
22-04-15,0.0,1.18
23-04-15,5.0,0.0
24-04-15,0.0,0.0
25-04-15,0.0,0.0
26-04-15,,0.0
27-04-15,0.0,1.8
28-04-15,4.0,9.43
29-04-15,2.0,1.66
30-04-15,0.5,7.64
01-05-15,2.0,11.82
02-05-15,0.0,2.11
03-05-15,0.0,0.0
04-05-15,0.0,2.62
05-05-15,25.0,0.08
06-05-15,6.0,0.61
07-05-15,0.4,0.01
08-05-15,,3.37
09-05-15,0.0,0.01
10-05-15,0.0,0.0
11-05-15,,0.0
12-05-15,0.0,0.06
13-05-15,,0.83
14-05-15,1.0,0.05
15-05-15,0.0,0.0
16-05-15,0.0,0.06
17-05-15,0.0,0.0
18-05-15,0.0,0.0
19-05-15,0.0,0.0
20-05-15,0.0,0.0
21-05-15,0.0,0.0
22-05-15,0.0,0.0
23-05-15,0.0,0.0
24-05-15,0.0,0.0
25-05-15,0.0,0.1
26-05-15,0.0,0.0
27-05-15,0.0,0.0
28-05-15,0.0,0.07
29-05-15,0.0,0.06
30-05-15,,0.62
31-05-15,2.0,0.43
01-06-15,11.0,0.0
02-06-15,0.0,0.0
03-06-15,0.0,0.01
04-06-15,0.5,0.0
05-06-15,0.5,0.06
06-06-15,0.0,0.0
07-06-15,0.0,0.0
08-06-15,0.0,0.0
09-06-15,0.0,0.0
10-06-15,0.0,0.0
11-06-15,0.0,0.0
12-06-15,0.0,0.0
13-06-15,0.0,0.0
14-06-15,0.0,0.0
15-06-15,0.0,0.0
16-06-15,0.0,0.0
17-06-15,0.0,0.0
18-06-15,0.0,0.04
19-06-15,0.0,0.03
20-06-15,0.0,0.0
21-06-15,0.0,0.0
22-06-15,0.0,0.0
23-06-15,0.0,0.0
24-06-15,0.0,0.04
25-06-15,0.0,0.0
26-06-15,0.0,0.0
27-06-15,0.0,0.0
28-06-15,0.0,0.0
29-06-15,,0.03
30-06-15,,0.39
01-07-15,,0.01
02-07-15,,0.02
03-07-15,,0.0
04-07-15,,0.0
05-07-15,,0.0
06-07-15,0.0,0.43
07-07-15,,0.0
08-07-15,,0.1
09-07-15,,0.0
10-07-15,0.0,0.0
11-07-15,,0.0
12-07-15,,0.0
13-07-15,0.0,0.0
14-07-15,0.0,0.0
15-07-15,0.0,0.0
16-07-15,,0.01
17-07-15,0.0,0.0
18-07-15,0.0,0.04
19-07-15,,0.11
20-07-15,,0.08
21-07-15,,0.0
22-07-15,0.0,0.03
23-07-15,0.0,0.0
24-07-15,0.0,0.0
25-07-15,0.0,0.0
26-07-15,0.0,0.0
27-07-15,0.0,0.0
28-07-15,0.0,0.0
29-07-15,5.0,0.15
30-07-15,4.9,0.01
31-07-15,,0.0
01-08-15,0.0,0.0
02-08-15,0.0,0.0
03-08-15,0.8,0.05
04-08-15,0.0,0.0
05-08-15,0.0,0.76
06-08-15,,0.19
07-08-15,1.4,0.0
08-08-15,,0.0
09-08-15,,0.0
10-08-15,,0.0
11-08-15,0.0,0.13
12-08-15,0.0,0.0
13-08-15,0.0,0.0
14-08-15,0.0,0.0
15-08-15,0.0,0.0
16-08-15,0.1,0.01
17-08-15,0.0,0.0
18-08-15,0.0,0.0
19-08-15,0.0,0.0
20-08-15,0.0,0.0
21-08-15,0.0,0.0
22-08-15,,0.53
23-08-15,0.5,0.0
24-08-15,0.0,0.17
25-08-15,0.0,0.0
26-08-15,0.0,0.0
27-08-15,0.0,0.0
28-08-15,0.0,0.08
29-08-15,0.0,0.04
30-08-15,0.0,0.0
31-08-15,0.0,0.04
01-09-15,0.0,0.0
02-09-15,0.0,0.13
03-09-15,0.0,0.0
04-09-15,0.0,0.0
05-09-15,,0.01
06-09-15,,0.0
07-09-15,0.0,0.03
08-09-15,0.0,0.0
09-09-15,0.0,0.02
10-09-15,,0.01
11-09-15,,0.01
12-09-15,,0.0
13-09-15,,0.0
14-09-15,0.0,0.22
15-09-15,,0.06
16-09-15,,0.0
17-09-15,0.0,0.0
18-09-15,0.0,0.0
19-09-15,0.0,0.0
20-09-15,0.0,0.0
21-09-15,0.0,0.0
22-09-15,0.0,0.0
23-09-15,0.0,0.11
24-09-15,0.0,0.0
25-09-15,0.0,0.0
26-09-15,0.0,0.02
27-09-15,0.0,0.0
28-09-15,0.0,0.0
29-09-15,0.4,0.0
30-09-15,0.0,0.0
01-10-15,0.0,0.0
02-10-15,0.0,0.59
03-10-15,0.0,0.21
04-10-15,0.0,0.07
05-10-15,0.0,0.02
06-10-15,0.0,0.0
07-10-15,,4.6
08-10-15,42.0,0.12
09-10-15,0.5,0.0
10-10-15,0.0,0.0
11-10-15,0.0,0.0
12-10-15,4.0,0.47
13-10-15,12.0,0.0
14-10-15,1.0,0.04
15-10-15,0.4,0.0
16-10-15,0.0,0.04
17-10-15,,0.0
18-10-15,3.0,0.0
19-10-15,0.0,0.0
20-10-15,0.0,0.0
21-10-15,0.0,0.0
22-10-15,0.0,0.0
23-10-15,0.0,0.0
24-10-15,0.0,0.0
25-10-15,0.0,0.0
26-10-15,0.0,0.0
27-10-15,0.0,0.0
28-10-15,0.0,0.0
29-10-15,0.0,0.0
30-10-15,0.0,0.0
31-10-15,0.0,0.17
01-11-15,,4.78
02-11-15,0.5,8.45
03-11-15,1.0,5.91
04-11-15,0.5,10.65
05-11-15,,4.09
06-11-15,,0.55
07-11-15,1.0,0.0
08-11-15,0.0,0.0
09-11-15,,1.46
10-11-15,1.0,0.75
11-11-15,,0.06
12-11-15,0.0,0.0
13-11-15,0.0,0.24
14-11-15,0.0,0.75
15-11-15,4.0,4.65
16-11-15,30.0,0.06
17-11-15,6.0,4.74
18-11-15,79.0,3.69
19-11-15,19.0,0.18
20-11-15,0.0,0.79
21-11-15,0.0,0.1
22-11-15,2.0,0.09
23-11-15,,0.12
24-11-15,0.7,0.06
25-11-15,0.0,9.19
26-11-15,0.6,0.47
27-11-15,6.0,0.1
28-11-15,2.0,0.03
29-11-15,2.0,0.0
30-11-15,4.0,0.0
01-12-15,0.0,1.01
01-12-15,0.0,1.01
02-12-15,68.0,3.19
03-12-15,18.0,1.08
04-12-15,0.5,0.76
05-12-15,0.0,1.6
06-12-15,0.0,4.77
07-12-15,,9.49
08-12-15,8.0,11.15
09-12-15,0.0,6.72
10-12-15,0.0,0.56
11-12-15,0.5,0.59
12-12-15,0.0,1.75
13-12-15,0.0,3.95
14-12-15,0.0,2.33
15-12-15,0.0,5.83
16-12-15,0.0,5.5
17-12-15,0.0,9.98
18-12-15,,2.23
19-12-15,,0.11
20-12-15,0.0,0.01
21-12-15,0.0,0.0
22-12-15,0.0,0.02
23-12-15,,0.85
24-12-15,,0.0
25-12-15,,0.14
26-12-15,,0.06
27-12-15,0.0,0.19
28-12-15,0.0,1.78
29-12-15,,0.04
30-12-15,,0.0
31-12-15,0.0,0.0
01-01-16,,0.0
02-01-16,1.0,0.96
03-01-16,,13.63
04-01-16,1.0,7.18
05-01-16,,4.49
06-01-16,4.0,0.3
07-01-16,,0.18
08-01-16,0.0,0.0
09-01-16,0.0,0.0
10-01-16,0.0,0.0
11-01-16,,4.69
12-01-16,0.0,0.0
13-01-16,0.0,0.0
14-01-16,0.0,0.0
15-01-16,0.0,0.0
16-01-16,0.0,0.0
17-01-16,0.0,7.83
18-01-16,0.5,2.33
19-01-16,13.0,11.61
20-01-16,,6.47
21-01-16,0.7,0.0
22-01-16,0.5,0.0
23-01-16,0.0,0.0
24-01-16,0.0,0.0
25-01-16,0.0,0.0
26-01-16,0.0,0.0
27-01-16,0.0,3.62
28-01-16,13.0,5.44
29-01-16,,3.62
30-01-16,0.0,0.03
31-01-16,0.0,0.09
01-02-16,,0.0
02-02-16,,0.0
03-02-16,0.0,0.0
04-02-16,0.0,0.0
05-02-16,0.0,0.0
06-02-16,0.0,0.0
07-02-16,0.0,0.0
08-02-16,0.0,0.84
09-02-16,0.0,4.31
10-02-16,1.0,0.88
11-02-16,0.3,7.32
12-02-16,0.5,0.0
13-02-16,0.0,0.0
14-02-16,0.0,0.0
15-02-16,,0.0
16-02-16,0.0,0.0
17-02-16,0.0,0.0
18-02-16,0.0,0.0
19-02-16,0.0,0.0
20-02-16,1.0,0.39
21-02-16,0.6,0.0
22-02-16,,0.0
23-02-16,,0.0
24-02-16,0.0,0.0
25-02-16,0.0,0.0
26-02-16,0.0,0.0
27-02-16,,4.47
28-02-16,0.0,7.85
29-02-16,1.0,0.2
01-03-16,11.0,0.61
02-03-16,,0.07
03-03-16,0.0,0.27
04-03-16,0.0,0.17
05-03-16,0.0,0.0
06-03-16,0.0,0.0
07-03-16,0.0,5.11
08-03-16,0.0,10.4
09-03-16,0.0,6.69
10-03-16,6.0,5.73
11-03-16,0.0,0.0
12-03-16,0.5,0.24
13-03-16,,0.0
14-03-16,0.0,0.0
15-03-16,0.0,0.0
16-03-16,0.0,0.0
17-03-16,0.0,0.0
18-03-16,0.0,0.0
19-03-16,0.0,0.0
20-03-16,0.0,0.0
21-03-16,0.0,0.0
22-03-16,,0.0
23-03-16,0.0,0.0
24-03-16,0.0,0.0
25-03-16,0.0,0.0
26-03-16,0.0,0.0
27-03-16,0.0,0.0
28-03-16,0.0,0.0
29-03-16,0.0,0.0
30-03-16,0.0,0.0
31-03-16,0.0,0.0
01-04-16,,18.59
02-04-16,36.0,11.56
03-04-16,5.0,3.76
04-04-16,0.0,0.85
05-04-16,,0.36
06-04-16,0.0,0.0
07-04-16,0.0,0.0
08-04-16,0.0,0.0
09-04-16,0.0,0.0
10-04-16,0.0,5.16
11-04-16,,0.08
12-04-16,0.0,0.42
13-04-16,0.0,0.31
14-04-16,0.0,0.23
15-04-16,0.0,1.58
16-04-16,0.0,2.98
17-04-16,0.0,0.63
18-04-16,0.0,0.0
19-04-16,0.0,0.64
20-04-16,1.0,3.98
21-04-16,39.0,5.44
22-04-16,,0.02
23-04-16,0.0,0.81
24-04-16,,0.08
25-04-16,0.0,0.04
26-04-16,0.0,0.98
27-04-16,1.0,0.44
28-04-16,0.1,1.83
29-04-16,,0.24
30-04-16,,0.93
01-05-16,3.0,1.9
02-05-16,0.0,0.02
03-05-16,0.0,0.0
04-05-16,0.0,0.17
05-05-16,0.0,0.68
06-05-16,,0.0
07-05-16,0.0,0.0
08-05-16,0.0,0.0
09-05-16,0.0,0.0
10-05-16,0.0,0.0
12-05-16,0.0,0.0
13-05-16,0.0,0.0
14-05-16,0.0,0.0
15-05-16,0.0,0.0
16-05-16,0.0,0.0
17-05-16,0.0,0.0
18-05-16,0.0,0.01
19-05-16,0.0,0.0
20-05-16,0.0,0.0
21-05-16,0.0,0.0
22-05-16,0.0,0.14
23-05-16,0.0,0.03
24-05-16,,0.0
25-05-16,0.0,0.0
26-05-16,0.0,0.02
27-05-16,0.0,0.0
28-05-16,0.0,0.0
29-05-16,0.0,0.01
30-05-16,0.0,0.01
